epoch,train_loss,test_auc_acc,test_auc_inc
10,0.6045708284378052,0.6805320396588093,0.7856211376171174
20,0.5909164667129516,0.6941452421837162,0.8065444547810486
30,0.5792236261367798,0.7074262201248044,0.8078859060402684
40,0.5678172183036804,0.7258626831738255,0.8050410326267526
50,0.5587641749382019,0.7437747917592291,0.8061748288922852
60,0.5504822435379029,0.7598256421340825,0.8068040235231577
70,0.5459246230125427,0.771429486332761,0.8075017443019472
80,0.5410749034881592,0.7776797114849637,0.8077135523955079
