{"tabnet_auc": 0.7994932771422838, "xgb_auc": 0.8121216302093786, "p_value": 0.176}