Slice,AUC_Acc,AUC_Inc
Male,0.88716803176967,0.8038504705171372
Female,0.8861382284708923,0.7940914320903625
Young,0.8706293706293707,0.6944444444444444
Mid,0.893696942378484,0.6856058874617178
Senior,0.8697361317316779,0.8409876041454988
