{"AccumulationInvestment": {"n_estimators": 600, "learning_rate": 0.010725209743171997, "max_depth": 8, "min_child_weight": 9, "subsample": 0.6849356442713105, "colsample_bytree": 0.5909124836035503, "gamma": 0.9170225492671691, "reg_alpha": 0.0033205591037519565, "reg_lambda": 0.042051564509138675, "tree_method": "hist", "random_state": 42}, "IncomeInvestment": {"n_estimators": 600, "learning_rate": 0.010725209743171997, "max_depth": 8, "min_child_weight": 9, "subsample": 0.6849356442713105, "colsample_bytree": 0.5909124836035503, "gamma": 0.9170225492671691, "reg_alpha": 0.0033205591037519565, "reg_lambda": 0.042051564509138675, "tree_method": "hist", "random_state": 42}}
