{
  "AccumulationInvestment": {
    "n_estimators": 300,
    "learning_rate": 0.018235129678905285,
    "max_depth": 5,
    "min_child_weight": 3,
    "subsample": 0.9821887730487187,
    "colsample_bytree": 0.829701231940194,
    "gamma": 4.853575110622411,
    "reg_alpha": 1.897449341737783,
    "reg_lambda": 0.4777790721109101
  },
  "IncomeInvestment": {
    "n_estimators": 600,
    "learning_rate": 0.010725209743171997,
    "max_depth": 8,
    "min_child_weight": 9,
    "subsample": 0.6849356442713105,
    "colsample_bytree": 0.5909124836035503,
    "gamma": 0.9170225492671691,
    "reg_alpha": 0.0033205591037519565,
    "reg_lambda": 0.042051564509138675
  }
}